Görsel Adı,İndirme Linki
labubu-1.jpg,/mnt/data/labubu-1.jpg
labubu-2.jpg,/mnt/data/labubu-2.jpg
labubu-3.jpg,/mnt/data/labubu-3.jpg
labubu-4.jpg,/mnt/data/labubu-4.jpg
labubu-5.jpg,/mnt/data/labubu-5.jpg
labubu-6.jpg,/mnt/data/labubu-6.jpg
labubu-7.jpg,/mnt/data/labubu-7.jpg
labubu-8.jpg,/mnt/data/labubu-8.jpg
labubu-9.jpg,/mnt/data/labubu-9.jpg
labubu-10.jpg,/mnt/data/labubu-10.jpg
labubu-11.jpg,/mnt/data/labubu-11.jpg
labubu-12.jpg,/mnt/data/labubu-12.jpg
labubu-13.jpg,/mnt/data/labubu-13.jpg
labubu-14.jpg,/mnt/data/labubu-14.jpg
labubu-15.jpg,/mnt/data/labubu-15.jpg
